Workbook

Sheet 说明
B2: 电商对账 Lite（免费版）
B4: 用法：把订单粘进【订单数据】，结算账单粘进【资金账单】，【自动对账】出结果。
B5: 列格式：订单=平台/订单号/实付/运费/退款；账单=平台/订单号/订单金额/佣金/推广费/退款扣回/实际到账。
B6: 原理：应收(实付+运费) = 到账+佣金+推广+扣回，差>0.01元标红。
B7: 自带12单演示数据：1笔⚠未结算(DEMO202609002)、1笔❌金额差异(DEMO202609007)。
B8: 免费版限制：100行、无利润看板/差异清单/图表/教程。
B9: Pro版(600行多平台+真实利润看板+差异清单+图文教程)：见仓库 README。

Sheet 订单数据
A1: 平台 | B1: 订单号 | C1: 买家实付(元) | D1: 运费(元) | E1: 退款(元)
A2: 抖店 | B2: DEMO20260900 | C2: 122.8 | D2: 0 | E2: 0
A3: 淘宝 | B3: DEMO20260901 | C3: 294.1 | D3: 8 | E3: 0
A4: 抖店 | B4: DEMO20260902 | C4: 62.96 | D4: 0 | E4: 0
A5: 淘宝 | B5: DEMO20260903 | C5: 285.8 | D5: 8 | E5: 0
A6: 抖店 | B6: DEMO20260904 | C6: 358.65 | D6: 0 | E6: 0
A7: 抖店 | B7: DEMO20260905 | C7: 261.16 | D7: 0 | E7: 0
A8: 淘宝 | B8: DEMO20260906 | C8: 107.52 | D8: 0 | E8: 0
A9: 淘宝 | B9: DEMO20260907 | C9: 255.67 | D9: 8 | E9: 0
A10: 淘宝 | B10: DEMO20260908 | C10: 264.18 | D10: 8 | E10: 0
A11: 淘宝 | B11: DEMO20260909 | C11: 32.01 | D11: 0 | E11: 0
A12: 淘宝 | B12: DEMO20260910 | C12: 348.9 | D12: 0 | E12: 0
A13: 淘宝 | B13: DEMO20260911 | C13: 52.97 | D13: 0 | E13: 0

Sheet 资金账单
A1: 平台 | B1: 订单号 | C1: 订单金额(元) | D1: 佣金(元) | E1: 推广费(元) | F1: 退款扣回(元) | G1: 实际到账(元)
A2: 抖店 | B2: DEMO20260900 | C2: 122.8 | D2: 6.14 | E2: 3.68 | F2: 0 | G2: 112.98
A3: 淘宝 | B3: DEMO20260901 | C3: 302.1 | D3: 14.71 | E3: 8.82 | F3: 0 | G3: 278.57
A4: 淘宝 | B4: DEMO20260903 | C4: 293.8 | D4: 14.29 | E4: 8.57 | F4: 0 | G4: 270.94
A5: 抖店 | B5: DEMO20260904 | C5: 358.65 | D5: 17.93 | E5: 10.76 | F5: 0 | G5: 329.96
A6: 抖店 | B6: DEMO20260905 | C6: 261.16 | D6: 13.06 | E6: 7.83 | F6: 0 | G6: 240.27
A7: 淘宝 | B7: DEMO20260906 | C7: 107.52 | D7: 5.38 | E7: 3.23 | F7: 0 | G7: 98.91
A8: 淘宝 | B8: DEMO20260907 | C8: 263.67 | D8: 12.78 | E8: 7.67 | F8: 0 | G8: 233.22
A9: 淘宝 | B9: DEMO20260908 | C9: 272.18 | D9: 13.21 | E9: 7.93 | F9: 0 | G9: 251.04
A10: 淘宝 | B10: DEMO20260909 | C10: 32.01 | D10: 1.6 | E10: 0.96 | F10: 0 | G10: 29.45
A11: 淘宝 | B11: DEMO20260910 | C11: 348.9 | D11: 17.45 | E11: 10.47 | F11: 0 | G11: 320.98
A12: 淘宝 | B12: DEMO20260911 | C12: 52.97 | D12: 2.65 | E12: 1.59 | F12: 0 | G12: 48.73

Sheet 自动对账
A1: 平台 | B1: 订单号 | C1: 应收(实付+运费) | D1: 资金侧核对额 | E1: 结算笔数 | F1: 金额差异 | G1: 退款差异 | H1: 结果
A2: =IF(订单数据!B2="","",订单数据!A2) | B2: =IF(订单数据!B2="","",订单数据!B2) | C2: =IF($B2="","",ROUND(订单数据!C2+订单数据!D2,2)) | D2: =IF($B2="","",ROUND(SUMIFS(资金账单!$G$2:$G$101,资金账单!$B$2:$B$101,$B2)+SUMIFS(资金账单!$D$2:$D$101,资金账单!$B$2:$B$101,$B2)+SUMIFS(资金账单!$E$2:$E$101,资金账单!$B$2:$B$101,$B2)+SUMIFS(资金账单!$F$2:$F$101,资金账单!$B$2:$B$101,$B2),2)) | E2: =IF($B2="","",COUNTIF(资金账单!$B$2:$B$101,$B2)) | F2: =IF($B2="","",ROUND($C2-$D2,2)) | G2: =IF($B2="","",ROUND(订单数据!E2-SUMIFS(资金账单!$F$2:$F$101,资金账单!$B$2:$B$101,$B2),2)) | H2: =IF($B2="","",IF($E2=0,"⚠未结算",IF($E2>1,"❌重复结算",IF(AND(ABS($G2)>0.01,ABS($F2)<=0.01),"❌退款未同步",IF(OR(ABS($F2)>0.01,ABS($G2)>0.01),"❌金额差异","✓")))))
A3: =IF(订单数据!B3="","",订单数据!A3) | B3: =IF(订单数据!B3="","",订单数据!B3) | C3: =IF($B3="","",ROUND(订单数据!C3+订单数据!D3,2)) | D3: =IF($B3="","",ROUND(SUMIFS(资金账单!$G$2:$G$101,资金账单!$B$2:$B$101,$B3)+SUMIFS(资金账单!$D$2:$D$101,资金账单!$B$2:$B$101,$B3)+SUMIFS(资金账单!$E$2:$E$101,资金账单!$B$2:$B$101,$B3)+SUMIFS(资金账单!$F$2:$F$101,资金账单!$B$2:$B$101,$B3),2)) | E3: =IF($B3="","",COUNTIF(资金账单!$B$2:$B$101,$B3)) | F3: =IF($B3="","",ROUND($C3-$D3,2)) | G3: =IF($B3="","",ROUND(订单数据!E3-SUMIFS(资金账单!$F$2:$F$101,资金账单!$B$2:$B$101,$B3),2)) | H3: =IF($B3="","",IF($E3=0,"⚠未结算",IF($E3>1,"❌重复结算",IF(AND(ABS($G3)>0.01,ABS($F3)<=0.01),"❌退款未同步",IF(OR(ABS($F3)>0.01,ABS($G3)>0.01),"❌金额差异","✓")))))
A4: =IF(订单数据!B4="","",订单数据!A4) | B4: =IF(订单数据!B4="","",订单数据!B4) | C4: =IF($B4="","",ROUND(订单数据!C4+订单数据!D4,2)) | D4: =IF($B4="","",ROUND(SUMIFS(资金账单!$G$2:$G$101,资金账单!$B$2:$B$101,$B4)+SUMIFS(资金账单!$D$2:$D$101,资金账单!$B$2:$B$101,$B4)+SUMIFS(资金账单!$E$2:$E$101,资金账单!$B$2:$B$101,$B4)+SUMIFS(资金账单!$F$2:$F$101,资金账单!$B$2:$B$101,$B4),2)) | E4: =IF($B4="","",COUNTIF(资金账单!$B$2:$B$101,$B4)) | F4: =IF($B4="","",ROUND($C4-$D4,2)) | G4: =IF($B4="","",ROUND(订单数据!E4-SUMIFS(资金账单!$F$2:$F$101,资金账单!$B$2:$B$101,$B4),2)) | H4: =IF($B4="","",IF($E4=0,"⚠未结算",IF($E4>1,"❌重复结算",IF(AND(ABS($G4)>0.01,ABS($F4)<=0.01),"❌退款未同步",IF(OR(ABS($F4)>0.01,ABS($G4)>0.01),"❌金额差异","✓")))))
A5: =IF(订单数据!B5="","",订单数据!A5) | B5: =IF(订单数据!B5="","",订单数据!B5) | C5: =IF($B5="","",ROUND(订单数据!C5+订单数据!D5,2)) | D5: =IF($B5="","",ROUND(SUMIFS(资金账单!$G$2:$G$101,资金账单!$B$2:$B$101,$B5)+SUMIFS(资金账单!$D$2:$D$101,资金账单!$B$2:$B$101,$B5)+SUMIFS(资金账单!$E$2:$E$101,资金账单!$B$2:$B$101,$B5)+SUMIFS(资金账单!$F$2:$F$101,资金账单!$B$2:$B$101,$B5),2)) | E5: =IF($B5="","",COUNTIF(资金账单!$B$2:$B$101,$B5)) | F5: =IF($B5="","",ROUND($C5-$D5,2)) | G5: =IF($B5="","",ROUND(订单数据!E5-SUMIFS(资金账单!$F$2:$F$101,资金账单!$B$2:$B$101,$B5),2)) | H5: =IF($B5="","",IF($E5=0,"⚠未结算",IF($E5>1,"❌重复结算",IF(AND(ABS($G5)>0.01,ABS($F5)<=0.01),"❌退款未同步",IF(OR(ABS($F5)>0.01,ABS($G5)>0.01),"❌金额差异","✓")))))
A6: =IF(订单数据!B6="","",订单数据!A6) | B6: =IF(订单数据!B6="","",订单数据!B6) | C6: =IF($B6="","",ROUND(订单数据!C6+订单数据!D6,2)) | D6: =IF($B6="","",ROUND(SUMIFS(资金账单!$G$2:$G$101,资金账单!$B$2:$B$101,$B6)+SUMIFS(资金账单!$D$2:$D$101,资金账单!$B$2:$B$101,$B6)+SUMIFS(资金账单!$E$2:$E$101,资金账单!$B$2:$B$101,$B6)+SUMIFS(资金账单!$F$2:$F$101,资金账单!$B$2:$B$101,$B6),2)) | E6: =IF($B6="","",COUNTIF(资金账单!$B$2:$B$101,$B6)) | F6: =IF($B6="","",ROUND($C6-$D6,2)) | G6: =IF($B6="","",ROUND(订单数据!E6-SUMIFS(资金账单!$F$2:$F$101,资金账单!$B$2:$B$101,$B6),2)) | H6: =IF($B6="","",IF($E6=0,"⚠未结算",IF($E6>1,"❌重复结算",IF(AND(ABS($G6)>0.01,ABS($F6)<=0.01),"❌退款未同步",IF(OR(ABS($F6)>0.01,ABS($G6)>0.01),"❌金额差异","✓")))))
A7: =IF(订单数据!B7="","",订单数据!A7) | B7: =IF(订单数据!B7="","",订单数据!B7) | C7: =IF($B7="","",ROUND(订单数据!C7+订单数据!D7,2)) | D7: =IF($B7="","",ROUND(SUMIFS(资金账单!$G$2:$G$101,资金账单!$B$2:$B$101,$B7)+SUMIFS(资金账单!$D$2:$D$101,资金账单!$B$2:$B$101,$B7)+SUMIFS(资金账单!$E$2:$E$101,资金账单!$B$2:$B$101,$B7)+SUMIFS(资金账单!$F$2:$F$101,资金账单!$B$2:$B$101,$B7),2)) | E7: =IF($B7="","",COUNTIF(资金账单!$B$2:$B$101,$B7)) | F7: =IF($B7="","",ROUND($C7-$D7,2)) | G7: =IF($B7="","",ROUND(订单数据!E7-SUMIFS(资金账单!$F$2:$F$101,资金账单!$B$2:$B$101,$B7),2)) | H7: =IF($B7="","",IF($E7=0,"⚠未结算",IF($E7>1,"❌重复结算",IF(AND(ABS($G7)>0.01,ABS($F7)<=0.01),"❌退款未同步",IF(OR(ABS($F7)>0.01,ABS($G7)>0.01),"❌金额差异","✓")))))
A8: =IF(订单数据!B8="","",订单数据!A8) | B8: =IF(订单数据!B8="","",订单数据!B8) | C8: =IF($B8="","",ROUND(订单数据!C8+订单数据!D8,2)) | D8: =IF($B8="","",ROUND(SUMIFS(资金账单!$G$2:$G$101,资金账单!$B$2:$B$101,$B8)+SUMIFS(资金账单!$D$2:$D$101,资金账单!$B$2:$B$101,$B8)+SUMIFS(资金账单!$E$2:$E$101,资金账单!$B$2:$B$101,$B8)+SUMIFS(资金账单!$F$2:$F$101,资金账单!$B$2:$B$101,$B8),2)) | E8: =IF($B8="","",COUNTIF(资金账单!$B$2:$B$101,$B8)) | F8: =IF($B8="","",ROUND($C8-$D8,2)) | G8: =IF($B8="","",ROUND(订单数据!E8-SUMIFS(资金账单!$F$2:$F$101,资金账单!$B$2:$B$101,$B8),2)) | H8: =IF($B8="","",IF($E8=0,"⚠未结算",IF($E8>1,"❌重复结算",IF(AND(ABS($G8)>0.01,ABS($F8)<=0.01),"❌退款未同步",IF(OR(ABS($F8)>0.01,ABS($G8)>0.01),"❌金额差异","✓")))))
A9: =IF(订单数据!B9="","",订单数据!A9) | B9: =IF(订单数据!B9="","",订单数据!B9) | C9: =IF($B9="","",ROUND(订单数据!C9+订单数据!D9,2)) | D9: =IF($B9="","",ROUND(SUMIFS(资金账单!$G$2:$G$101,资金账单!$B$2:$B$101,$B9)+SUMIFS(资金账单!$D$2:$D$101,资金账单!$B$2:$B$101,$B9)+SUMIFS(资金账单!$E$2:$E$101,资金账单!$B$2:$B$101,$B9)+SUMIFS(资金账单!$F$2:$F$101,资金账单!$B$2:$B$101,$B9),2)) | E9: =IF($B9="","",COUNTIF(资金账单!$B$2:$B$101,$B9)) | F9: =IF($B9="","",ROUND($C9-$D9,2)) | G9: =IF($B9="","",ROUND(订单数据!E9-SUMIFS(资金账单!$F$2:$F$101,资金账单!$B$2:$B$101,$B9),2)) | H9: =IF($B9="","",IF($E9=0,"⚠未结算",IF($E9>1,"❌重复结算",IF(AND(ABS($G9)>0.01,ABS($F9)<=0.01),"❌退款未同步",IF(OR(ABS($F9)>0.01,ABS($G9)>0.01),"❌金额差异","✓")))))
A10: =IF(订单数据!B10="","",订单数据!A10) | B10: =IF(订单数据!B10="","",订单数据!B10) | C10: =IF($B10="","",ROUND(订单数据!C10+订单数据!D10,2)) | D10: =IF($B10="","",ROUND(SUMIFS(资金账单!$G$2:$G$101,资金账单!$B$2:$B$101,$B10)+SUMIFS(资金账单!$D$2:$D$101,资金账单!$B$2:$B$101,$B10)+SUMIFS(资金账单!$E$2:$E$101,资金账单!$B$2:$B$101,$B10)+SUMIFS(资金账单!$F$2:$F$101,资金账单!$B$2:$B$101,$B10),2)) | E10: =IF($B10="","",COUNTIF(资金账单!$B$2:$B$101,$B10)) | F10: =IF($B10="","",ROUND($C10-$D10,2)) | G10: =IF($B10="","",ROUND(订单数据!E10-SUMIFS(资金账单!$F$2:$F$101,资金账单!$B$2:$B$101,$B10),2)) | H10: =IF($B10="","",IF($E10=0,"⚠未结算",IF($E10>1,"❌重复结算",IF(AND(ABS($G10)>0.01,ABS($F10)<=0.01),"❌退款未同步",IF(OR(ABS($F10)>0.01,ABS($G10)>0.01),"❌金额差异","✓")))))
A11: =IF(订单数据!B11="","",订单数据!A11) | B11: =IF(订单数据!B11="","",订单数据!B11) | C11: =IF($B11="","",ROUND(订单数据!C11+订单数据!D11,2)) | D11: =IF($B11="","",ROUND(SUMIFS(资金账单!$G$2:$G$101,资金账单!$B$2:$B$101,$B11)+SUMIFS(资金账单!$D$2:$D$101,资金账单!$B$2:$B$101,$B11)+SUMIFS(资金账单!$E$2:$E$101,资金账单!$B$2:$B$101,$B11)+SUMIFS(资金账单!$F$2:$F$101,资金账单!$B$2:$B$101,$B11),2)) | E11: =IF($B11="","",COUNTIF(资金账单!$B$2:$B$101,$B11)) | F11: =IF($B11="","",ROUND($C11-$D11,2)) | G11: =IF($B11="","",ROUND(订单数据!E11-SUMIFS(资金账单!$F$2:$F$101,资金账单!$B$2:$B$101,$B11),2)) | H11: =IF($B11="","",IF($E11=0,"⚠未结算",IF($E11>1,"❌重复结算",IF(AND(ABS($G11)>0.01,ABS($F11)<=0.01),"❌退款未同步",IF(OR(ABS($F11)>0.01,ABS($G11)>0.01),"❌金额差异","✓")))))
A12: =IF(订单数据!B12="","",订单数据!A12) | B12: =IF(订单数据!B12="","",订单数据!B12) | C12: =IF($B12="","",ROUND(订单数据!C12+订单数据!D12,2)) | D12: =IF($B12="","",ROUND(SUMIFS(资金账单!$G$2:$G$101,资金账单!$B$2:$B$101,$B12)+SUMIFS(资金账单!$D$2:$D$101,资金账单!$B$2:$B$101,$B12)+SUMIFS(资金账单!$E$2:$E$101,资金账单!$B$2:$B$101,$B12)+SUMIFS(资金账单!$F$2:$F$101,资金账单!$B$2:$B$101,$B12),2)) | E12: =IF($B12="","",COUNTIF(资金账单!$B$2:$B$101,$B12)) | F12: =IF($B12="","",ROUND($C12-$D12,2)) | G12: =IF($B12="","",ROUND(订单数据!E12-SUMIFS(资金账单!$F$2:$F$101,资金账单!$B$2:$B$101,$B12),2)) | H12: =IF($B12="","",IF($E12=0,"⚠未结算",IF($E12>1,"❌重复结算",IF(AND(ABS($G12)>0.01,ABS($F12)<=0.01),"❌退款未同步",IF(OR(ABS($F12)>0.01,ABS($G12)>0.01),"❌金额差异","✓")))))
A13: =IF(订单数据!B13="","",订单数据!A13) | B13: =IF(订单数据!B13="","",订单数据!B13) | C13: =IF($B13="","",ROUND(订单数据!C13+订单数据!D13,2)) | D13: =IF($B13="","",ROUND(SUMIFS(资金账单!$G$2:$G$101,资金账单!$B$2:$B$101,$B13)+SUMIFS(资金账单!$D$2:$D$101,资金账单!$B$2:$B$101,$B13)+SUMIFS(资金账单!$E$2:$E$101,资金账单!$B$2:$B$101,$B13)+SUMIFS(资金账单!$F$2:$F$101,资金账单!$B$2:$B$101,$B13),2)) | E13: =IF($B13="","",COUNTIF(资金账单!$B$2:$B$101,$B13)) | F13: =IF($B13="","",ROUND($C13-$D13,2)) | G13: =IF($B13="","",ROUND(订单数据!E13-SUMIFS(资金账单!$F$2:$F$101,资金账单!$B$2:$B$101,$B13),2)) | H13: =IF($B13="","",IF($E13=0,"⚠未结算",IF($E13>1,"❌重复结算",IF(AND(ABS($G13)>0.01,ABS($F13)<=0.01),"❌退款未同步",IF(OR(ABS($F13)>0.01,ABS($G13)>0.01),"❌金额差异","✓")))))
... A101: =IF(订单数据!B101="","",订单数据!A101) | B101: =IF(订单数据!B101="","",订单数据!B101) | C101: =IF($B101="","",ROUND(订单数据!C101+订单数据!D101,2)) | D101: =IF($B101="","",ROUND(SUMIFS(资金账单!$G$2:$G$101,资金账单!$B$2:$B$101,$B101)+SUMIFS(资金账单!$D$2:$D$101,资金账单!$B$2:$B$101,$B101)+SUMIFS(资金账单!$E$2:$E$101,资金账单!$B$2:$B$101,$B101)+SUMIFS(资金账单!$F$2:$F$101,资金账单!$B$2:$B$101,$B101),2)) | E101: =IF($B101="","",COUNTIF(资金账单!$B$2:$B$101,$B101)) | F101: =IF($B101="","",ROUND($C101-$D101,2)) | G101: =IF($B101="","",ROUND(订单数据!E101-SUMIFS(资金账单!$F$2:$F$101,资金账单!$B$2:$B$101,$B101),2)) | H101: =IF($B101="","",IF($E101=0,"⚠未结算",IF($E101>1,"❌重复结算",IF(AND(ABS($G101)>0.01,ABS($F101)<=0.01),"❌退款未同步",IF(OR(ABS($F101)>0.01,ABS($G101)>0.01),"❌金额差异","✓")))))
